,imdb_title,tmdb_title
0,Star Wars: Episode V - The Empire Strikes Back,The Empire Strikes Back
1,Goodfellas,GoodFellas
2,Star Wars: Episode IV - A New Hope,Star Wars
3,The Lion King,Mufasa: The Lion King
4,Star Wars: Episode VI - Return of the Jedi,Return of the Jedi
5,Das Boot,"U-96, The True Story of 'Das Boot'"
6,How to Train Your Dragon,How to Train Your Dragon: Homecoming
7,Stand by Me,Stand by Me Doraemon
8,Dune: Part One,Dune
9,12 Monkeys,Twelve Monkeys
10,Monty Python's Life of Brian,Life of Brian
11,La haine,La Haine
12,Yojimbo,Zatoichi Meets Yojimbo
13,Baahubali 2: The Conclusion,Bāhubali 2: The Conclusion
14,Gangs of Wasseypur,Gangs of Wasseypur - Part 2
15,Demon Slayer: Kimetsu no Yaiba - The Movie: Mugen Train,Demon Slayer -Kimetsu no Yaiba- The Movie: Mugen Train
16,Raatchasan,Ratsasan
17,Ip Man,Ip Man: The Awakening
18,Planet of the Apes,Dawn of the Planet of the Apes
19,Baahubali: The Beginning,Bāhubali: The Beginning
20,8½,8 Dates
21,The General,Kingdom IV: Return of the Great General
22,A Wednesday,A Wednesday!
23,Nayakan,Hero
24,Star Wars: Episode VII - The Force Awakens,Star Wars: The Force Awakens
25,A Christmas Story,A Cinderella Story: Christmas Wish
26,Elite Squad 2: The Enemy Within,Elite Squad: The Enemy Within
27,Pink Floyd: The Wall,Pink Floyd: Behind the Wall
28,The Act of Killing,Werner Herzog and Errol Morris on 'The Act of Killing'
29,The Grand Illusion,Grand Illusion
30,Thuppakki,Thuppakki Munai
31,Harry Potter and the Sorcerer's Stone,Harry Potter and the Philosopher's Stone
32,X-Men: First Class,X-Men: First Class 35mm Special
33,Home Alone,A Girl Walks Home Alone at Night
34,Ex Machina,Appleseed: Ex Machina
35,500 Days of Summer,(500) Days of Summer
36,The Game,Making Squid Game: The Challenge
37,Airplane!,Airplane Mode
38,The Boy in the Striped Pajamas,The Boy in the Striped Pyjamas
39,Willy Wonka & the Chocolate Factory,Pure Imagination: The Story of 'Willy Wonka & the Chocolate Factory'
40,A Prophet,Anthem of a Teenage Prophet
41,My Left Foot,My Left Foot: The Story of Christy Brown
42,3-Iron,Iron Angels 3
43,Miracle on 34th Street,Miracle On 34th Street
44,The Return,Kingdom IV: Return of the Great General
45,Central Station,Set Sail 2024 - China Central Radio and Television Station New Year's Eve Party
46,Going Clear: Scientology & the Prison of Belief,Going Clear: Scientology and the Prison of Belief
47,Rififi,Sthlm Rififi
48,The Breath,The Air He Breathes
49,Major,MAJOR!
50,"Rome, Open City","Once Upon a Time... 'Rome, Open City'"
51,Yi Yi,Hwang Jin Yi
52,Sarfarosh,Brave Hearts
53,A Christmas Carol,The Smurfs: A Christmas Carol
54,Die Hard with a Vengeance,Die Hard: With a Vengeance
55,50/50,50 km/h
56,The Raid: Redemption,The Raid
57,Blue Is the Warmest Colour,Blue Is the Warmest Color
58,Good Bye Lenin!,"Good Bye, Lenin!"
59,Y tu mamá también,Y Tu Mamá También
60,Bonnie and Clyde,Revolution! The Making of 'Bonnie and Clyde'
61,The Day the Earth Stood Still,Giant Robo: The Day the Earth Stood Still
62,Black Book,The Black Book
63,Mother,mother!
64,The Girl Who Leapt Through Time,Time Traveller: The Girl Who Leapt Through Time
65,The Chorus,Ladies of the Chorus
66,Grizzly Man,In the Edges: The 'Grizzly Man' Session
67,Lilya 4-Ever,Lilya 4-ever
68,Kagemusha: The Shadow Warrior,Kagemusha
69,Kai Po Che,Kai Po Che!
70,Cries & Whispers,Cries and Whispers
71,Vivre sa vie,Vivre Sa Vie
72,"Blood In, Blood Out",The Inventor: Out for Blood in Silicon Valley
73,A Night at the Opera,Classic Albums: Queen - The Making of A Night at the Opera
74,The Leopard,The Leopard Man
75,Nostalghia,Andrey Tarkovsky in Nostalghia
76,The Blue Elephant,The Blue Elephant 2
77,Le cercle rouge,Le Cercle Rouge
78,Through a Glass Darkly,Salman Rushdie: Through a Glass Darkly
79,Les Misérables,Les Miserables
80,Tucker and Dale vs Evil,Tucker and Dale vs. Evil
81,Guy Ritchie's the Covenant,Guy Ritchie's The Covenant
82,"Planes, Trains & Automobiles","Planes, Trains and Automobiles"
83,Monty Python's the Meaning of Life,Monty Python's The Meaning of Life
84,Volver,To Return
85,Pushpa: The Rise - Part 1,Pushpa - The Rise
86,Only the Brave,Only The Brave
87,Le Dîner de Cons,The Dinner Game
88,Confessions,Confessions of a Hitman
89,Evil,EVIL
90,The Edge of Heaven,Buck at the Edge of Heaven
91,Dragon Ball Super: Broly,Dragon Ball Z: Broly - The Legendary Super Saiyan
92,"Like Father, Like Son",Like Father Like Son
93,Hanu Man,Hanu-Man
94,Playtime,PlayTime
95,My Uncle,My Uncle Benjamin
96,X2: X-Men United,X2
97,Spider-Man: Far from Home,Spider-Man: Far From Home
98,Borat,"Borat: VHS Cassette of Material Deemed ""Sub-Acceptable"" by Kazakhstan Ministry of Censorship and Circumcision"
99,Begin Again,To Begin Again
100,National Lampoon's Animal House,Unseen + Untold: National Lampoon's Animal House
101,Dead Alive,Dead or Alive 2: Birds
102,Tár,TÁR
103,La Vie En Rose,La Vie en Rose
104,Mid90s,mid90s
105,March of the Penguins,March of the Penguins 2: The Next Step
106,Show Me Love,Ted: Show Me Love
107,The Wind that Shakes the Barley,The Wind That Shakes the Barley
108,White Christmas,Operation White Christmas
109,Drunken Master II,Drunken Master III
110,Withnail and I,Withnail & I
111,It's a Mad Mad Mad Mad World,It's a Mad World
112,'83,Eternal 831
113,Boy A,Hwayi: A Monster Boy
114,"Duck, You Sucker!","Duck, You Sucker"
115,The Odd Couple,The Odd Couple II
116,Tora! Tora! Tora!,Ushio and Tora: Comically Deformed Theater
117,Lupin III: The Castle of Cagliostro,Lupin the Third: The Castle of Cagliostro
118,The Count of Monte-Cristo,The Count of Monte Cristo
119,"Argentina, 1985",Argentina 1985
120,Mortal World,Mortal World 2
121,Monty Python's and Now for Something Completely Different,And Now for Something Completely Different
122,Marcel the Shell with Shoes On,"Marcel the Shell with Shoes On, Three"
123,A Hero,Dragon Ball GT: A Hero's Legacy
124,Tanu Weds Manu Returns,Tanu Weds Manu: Returns
125,Cure,CURE!
126,Les Misérables,Les Miserables
127,1900,19:00
128,New World,Captain America: Brave New World
129,Between Family,Between Friends and Family
130,Seeking True Love,Foolishly Seeking True Love
131,Chup,The Legend of the Chupacabras
132,Darr,Darrere la il·lusió
133,X-Men,X-Men: The Mutant Watch
134,Bullet Train,Bullet Train Explosion
135,Dumb and Dumber,Dumb and Dumber To
136,El Camino,El Camino: A Breaking Bad Movie
137,Point Break,Breaking Point
138,Rocketman,RocketMan
139,Wall Street,Cleveland Versus Wall Street
140,The King,Kingdom IV: Return of the Great General
141,Say Anything,Say Anything...
142,Rust and Bone,Gritty Melodrama: The Making of “Rust and Bone” by Jacques Audiard
143,Blow-Up,Carmina or Blow Up
144,Who Am I,Who Am I 2015
145,Kabhi Khushi Kabhie Gham...,Kabhi Khushi Kabhie Gham
146,The Guernsey Literary and Potato Peel Pie Society,The Guernsey Literary & Potato Peel Pie Society
147,The Blind Swordsman: Zatoichi,Zatoichi
148,Talaash: The Answer Lies Within,Talaash
149,Life as a House,Life As A House
150,Les Misérables,Les Miserables
151,Thesis,The Thesis
152,Oliver!,Oliver Twist
153,And Justice for All,...And Justice for All
154,Magic Carpet Ride,Magic Carpet Rides
155,In the House,A Stalker in the House
156,SLC Punk!,SLC Punk
157,Mesrine: Public Enemy No. 1,Mesrine: Public Enemy #1
158,To Strike,Journey to the West: The Demons Strike Back
159,The Stranger,Stranger in the Woods
160,Waking Ned Devine,Waking Ned
161,You're Not You,You're Not Alone
162,If....,if....
163,Super Size Me,Super Size Me 2: Holy Chicken!
164,The Fox and the Hound,The Fox and the Hound 2
165,Stuck in Love.,Stuck in Love
166,Go,GO
167,"Paris, Je T'aime",Paris Je T'aime
168,Force Majeure,Uncontrollable Circumstances
169,"Sex, Lies, and Videotape","sex, lies, and videotape"
170,The Good the Bad the Weird,"The Good, the Bad, the Weird"
171,Department Q: The Keeper of Lost Causes,The Keeper of Lost Causes
172,Somewhere in Time,Somewhere In Time
173,Horror of Dracula,The Horror of Dracula
174,Catch-22,22nd Catch
175,Department Q: The Absent One,The Absent One
176,Them!,Them
177,The 40-Year-Old Virgin,The 40 Year Old Virgin
178,Glass Onion,Glass Onion: A Knives Out Mystery
179,Deja Vu,Déjà Vu
180,Spy Game,Spy Games
181,Remember Me,"Remember Me, My Love"
182,Let Me In,Let Me Introduce You To Sofia
183,Dogtooth,DOGTOOTH
184,The Kings of Summer,Summer of the Lion Kings
185,Ever After: A Cinderella Story,EverAfter
186,Ong-Bak: The Thai Warrior,Ong Bak
187,Kalki 2898 AD,Kalki 2898-AD
188,Smokey and the Bandit,Smokey and the Bandit Part 3
189,Win Win,Andy Murray: Will to Win
190,Gomorrah,GOMORRAH
191,No Way Out,The Roundup: No Way Out
192,Better Off Dead,Better Off Dead?
193,Serial Bad Weddings,Serial (Bad) Weddings 2
194,Hang 'Em High,Hang 'em High
195,Nyad,NYAD
196,Happy-Go-Lucky,Happy-Go-Lucky Days
197,Nothing But the Truth,Nothing But The Truth
198,An American in Paris,An American Werewolf in Paris
199,Angel-A,Temptation of Angel
200,Matilda: The Musical,Roald Dahl's Matilda the Musical
201,A Brilliant Young Mind,X+Y
202,Fathers & Daughters,"Strong Fathers, Strong Daughters"
203,Professor Marston & the Wonder Women,Professor Marston and the Wonder Women
204,Winnie the Pooh,Winnie-the-Pooh
205,Supercop,Supercop 2
206,Easy A,An Easy Girl
207,Red,RED
208,The Witch,"The Chronicles of Narnia: The Lion, the Witch and the Wardrobe"
209,P.S. I Love You,To All the Boys: P.S. I Still Love You
210,The Addams Family,The Addams Family 2
211,Extraction II,Extraction 2
212,The X Files,The X-Files
213,My Girl,My Oni Girl
214,48 Hrs.,Another 48 Hrs.
215,The Christmas Chronicles,The Christmas Chronicles: Part Two
216,The Meyerowitz Stories,The Meyerowitz Stories (New and Selected)
217,Bubba Ho-Tep,Bubba Ho-tep
218,Stree 2: Sarkate Ka Aatank,Stree 2
219,9 to 5,Horny Working Girl: From 5 to 9
220,Munich: The Edge of War,Munich – The Edge of War
221,Borg vs. McEnroe,Borg vs McEnroe
222,Alan Partridge,Alan Partridge: Alpha Papa
223,Suck Me Shakespeer,Suck Me Shakespeer 3
224,Memphis Belle,Memphis Belle in Color
225,Under the Shadow,Under the Mountains' Shadow
226,The Big Boss,The Big Boss Part II
227,Jerry and Marge Go Large,Jerry & Marge Go Large
228,Saturday Night,Saturday Night's Main Event XXXVII
229,DuckTales the Movie: Treasure of the Lost Lamp,DuckTales: The Movie - Treasure of the Lost Lamp
230,Muppet Treasure Island,Muppet Sing Alongs: Muppet Treasure Island
231,Leap!,Leap Year
232,Star Wars: Episode VIII - The Last Jedi,Star Wars: The Last Jedi
233,Liar Liar,Natural Born Liar
234,Ace Ventura: Pet Detective,Ace Ventura Jr: Pet Detective
235,Non-Stop,Bucharest Non-Stop
236,Hocus Pocus,Hocus Pocus 2
237,A Christmas Carol,The Smurfs: A Christmas Carol
238,Nymphomaniac: Vol. I,Nymphomaniac: Vol. II
239,Tenacious D in the Pick of Destiny,Tenacious D in The Pick of Destiny
240,A Ghost Story,A Chinese Ghost Story II
241,I See You,Do You See What I See
242,Working Girl,Working Girls
243,Florence Foster Jenkins,The Florence Foster Jenkins Story
244,2010: The Year We Make Contact,2010
245,Tristan + Isolde,Tristan & Isolde
246,The Pirates! Band of Misfits,The Pirates! In an Adventure with Scientists!
247,Ju-on: The Grudge,Ju-on: The Grudge 2
248,Who Am I?,Who Am I
249,Drop Dead Gorgeous,"Drop Dead, Gorgeous"
250,Everything You Always Wanted to Know About Sex * But Were Afraid to Ask,Everything You Always Wanted to Know About Sex *But Were Afraid to Ask
251,The Idiots,The Usual Idiots: The Movie
252,Rare Exports,Rare Exports: A Christmas Tale
253,In a World...,In a Better World
254,House on Haunted Hill,House On Haunted Hill
255,Two Days in Paris,2 Days in Paris
256,Colors,COLORs
257,The Stranger,Stranger in the Woods
258,Demons,My Grandfather's Demons
259,Men in Black³,Men in Black
260,Tron: Legacy,TRON: Legacy
261,The Lion King,Mufasa: The Lion King
262,A Series of Unfortunate Events,Lemony Snicket's A Series of Unfortunate Events
263,From Hell,Nathalie: Escape from Hell
264,The Inbetweeners,The Inbetweeners Movie
265,Fear Street: Part Two - 1978,Fear Street: 1978
266,Salaar,Salaar: Part 1 - Ceasefire
267,The Mighty Ducks,D2: The Mighty Ducks
268,Far and Away,Kingdom 2: Far and Away
269,Fear Street: Part Three - 1666,Fear Street: 1666
270,Goal! The Dream Begins,Goal!
271,Emma.,Hunting Emma
272,Black Rain,Red Torrent
273,Transsiberian,TransSiberian
274,Miracle on 34th Street,Miracle On 34th Street
275,The Wonder,The Most Wonderful Time of the Year
276,The Grandmaster,"The Road to ""The Grandmaster"""
277,Batman: The Movie,The Lego Batman Movie
278,Dodgeball: A True Underdog Story,DodgeBall: A True Underdog Story
279,Mother!,mother!
280,Enola Holmes,Enola Holmes 2
281,Puss in Boots,Puss in Boots: The Three Diablos
282,30 Days of Night,30 Days of Night: Dark Days
283,You're Next,My Hero Academia: You're Next
284,Three Amigos!,¡Three Amigos!
285,Bad Lieutenant: Port of Call New Orleans,Bad Lieutenant: Port of Call - New Orleans
286,[Rec]²,[REC]³ Genesis
287,Hoodwinked!,Hoodwinked Too! Hood VS. Evil
288,I Heart Huckabees,I ♥ Huckabees
289,Mousehunt,MouseHunt
290,Last Night,The Last Night of Sandra M.
291,Incident in a Ghostland,The Phantom Image: The Making of Incident in a Ghostland
292,On the Rocks,Hanukkah on the Rocks
293,Dabangg,Dabangg 3
294,Choke,CHOKE
295,Every Which Way But Loose,Every Which Way but Loose
296,The Bar,Barbie as The Princess & the Pauper
297,Sand Castle,The Sand Castle
298,HouseSitter,Housesitter
299,Den of Thieves: Pantera,Den of Thieves 2: Pantera
300,Resident Evil,Resident Evil: Vendetta
301,Pokémon: Detective Pikachu,Pokémon Detective Pikachu
302,Road Trip,How A Road Trip Starts
303,Sonic the Hedgehog,Sonic the Hedgehog 3
304,Life as We Know It,Life As We Know It
305,Naked Gun 33 1/3: The Final Insult,Naked Gun 33⅓: The Final Insult
306,Under Siege,City Under Siege
307,The Night Before,Nobita's the Night Before a Wedding
308,Weekend at Bernie's,Weekend at Bernie's II
309,Last Man Standing,Undisputed II: Last Man Standing
310,Mary Queen of Scots,"Mary, Queen of Scots"
311,Night Watch,The Night Watchman
312,Formula 51,The 51st State
313,#Alive,Dead or Alive 2: Birds
314,W.,The Venerable W.
315,Rising Sun,House of the Rising Sun
316,Pokémon: The First Movie - Mewtwo Strikes Back,Pokémon: The First Movie
317,Sleepaway Camp,Sleepaway Camp III: Teenage Wasteland
318,Damien: Omen II,Damien - Omen II
319,Culpa Mía,My Fault
320,Man of the Year,Dakaichi: I'm Being Harassed by the Sexiest Man of the Year—The Movie: In Spain
321,Savi,Saving Bikini Bottom: The Sandy Cheeks Movie
322,Book Club,Killer Book Club
323,Dark Star,Dark Star: H. R. Giger's World
324,The Woman,The Woman in the Yard
325,Alien³,Alien Warfare
326,How the Grinch Stole Christmas,How the Grinch Stole Christmas!
327,The Taking of Pelham 123,The Taking of Pelham 1 2 3
328,Monsters vs. Aliens,Monsters vs Aliens
329,Van Wilder,Van Wilder: Freshman Year
330,Delivery Man,Invited Delivery Man
331,Upside Down,The World Upside Down
332,Dorian Gray,Dorian Gray: A Portrait of Oscar Wilde
333,Diary of a Wimpy Kid,Diary of a Wimpy Kid: Rodrick Rules
